prefecture,spot_name,lat,lon,code
Hokkaido Island,"Higashimei Park, Bibai City",43.34098477,141.8955809,1370053
Hokkaido Island,Goryokaku Park,41.79709,140.7557367,1370022
Hokkaido Island,Aobagaoka Park,42.10265417,140.5756076,1370024
Hokkaido Island,Uju Zenkoji Temple Natural Park,42.52299279,140.7806712,1370028
Hokkaido Island,Nijukken Road Cherry Blossom Row,42.40390473,142.4523578,1370029
Hokkaido Island,Erimo Town Shono Sakura Park,42.04462783,143.2923746,1370030
Hokkaido Island,Moerenuma Park,43.12251002,141.4308196,1370032
Hokkaido Island,Kumaishi Rest Village (Somei Yoshino),42.1306512,140.0047437,1370041
Hokkaido Island,Saranbe Park,42.25668209,140.2549971,1370046
Hokkaido Island,Oniiushi Park,42.10134418,140.5684182,1370055
Hokkaido Island,Hakodate Park,41.75530378,140.7163319,1370057
Hokkaido Island,Kumaishi Rest Village (Yaezakura),42.13074121,140.0054436,1370061
Hokkaido Island,Otaru Park,43.18794096,140.9926799,1370017
Hokkaido Island,Site of the Matsumae Domain Togiri Headquarters,41.85433805,140.6194315,1370056
Hokkaido Island,Obihiro City Midorigaoka Park,42.904514,143.1862538,1370010
Hokkaido Island,Maruyama Park,43.05468524,141.3142724,1370015
Aomori Prefecture,Saruga Park,40.61667292,140.5648269,2370001
Aomori Prefecture,Hachinohe Park,40.47569457,141.5132946,2370002
Aomori Prefecture,Towada City Government Office Street (Koma Kaido),40.61243458,141.2062838,2370013
Aomori Prefecture,Nogiwa Park,40.85181972,140.6766968,2370004
Aomori Prefecture,Ichou Park,40.60882901,141.4378647,2370005
Aomori Prefecture,Higashi Park Sakurayama,40.63505175,140.6104722,2370016
Aomori Prefecture,Hayagakinuma Park,41.31413982,141.2231501,2370015
Aomori Prefecture,Ogawara Lake Park,40.73075323,141.2811321,2370020
Aomori Prefecture,National Historic Site Sannohe Castle Ruins Shiroyama Park,40.38176029,141.2655495,2370007
Aomori Prefecture,Sanba City Park,40.51492992,141.4875549,2370008
Aomori Prefecture,Atago Park,40.86265655,141.1335483,2370009
Aomori Prefecture,Hepu Park,40.82982386,140.7784993,2370010
Aomori Prefecture,Lake Fujimi Park,40.75136518,140.3737665,2370018
Aomori Prefecture,Somei Yoshino Cherry Blossoms in Hirosaki Park,40.609462,140.4676953,2370011
Aomori Prefecture,Ashino Park,40.91328922,140.4516426,2370012
Aomori Prefecture,Yaebenishidare in Hirosaki Park,40.609482,140.4677153,2370017
Iwate Prefecture,Hongo Cherry Blossom Avenue in Karutan Town,39.21030628,141.8778426,3370019
Iwate Prefecture,Goishi Coast,38.99131734,141.7421639,3370003
Iwate Prefecture,Nabekura Park,39.32620776,141.5273364,3370004
Iwate Prefecture,Tatsuyama Park,40.18892968,141.7674267,3370020
Iwate Prefecture,Chiaoyama Park,38.9252437,141.1291879,3370021
Iwate Prefecture,Chusonji Temple,39.00145508,141.1025866,3370024
Iwate Prefecture,Saigyo Sakura no Mori,39.00357576,141.1547621,3370027
Iwate Prefecture,Shizukuishikawa Park,39.68480974,140.9738558,3370028
Iwate Prefecture,Genbikei,38.94389028,141.0479038,3370006
Iwate Prefecture,Cherry blossom avenue along Prefectural Route 300 in Hiraizumi Town,38.98898664,141.1153361,3370007
Iwate Prefecture,Viewing Park,39.05014016,141.119303,3370008
Iwate Prefecture,Mizusawa Park,39.13583136,141.1400773,3370009
Iwate Prefecture,Heading north to the scenic spots,39.27504624,141.126672,3370010
Iwate Prefecture,Hanamaki Onsen,39.4519963,141.0690286,3370011
Iwate Prefecture,Hanamaki Minami Onsen Gorge,39.41787897,141.0129649,3370012
Iwate Prefecture,Morioka Castle Ruins Park (Iwate Park),39.70039117,141.1514103,3370014
Iwate Prefecture,Takamatsu Pond,39.72354855,141.14285,3370015
Iwate Prefecture,Koiwai Farm,39.75074345,141.0173092,3370016
Iwate Prefecture,Yonai Water Purification Plant,39.7449673,141.2023841,3370022
Iwate Prefecture,Tono Fukusenji Temple,39.37198349,141.5631313,3370018
Iwate Prefecture,Kunohe Castle Ruins,40.26758316,141.3033716,3370029
Iwate Prefecture,Mount Murone Anthill Park,38.96282517,141.44362,3370001
Iwate Prefecture,Tateyama Park,38.9157383,141.3347912,3370005
Iwate Prefecture,Moetsu Temple,38.9871367,141.1075468,3370025
Iwate Prefecture,Shiwa Joyama Park,39.56458608,141.1732048,3370013
Miyagi Prefecture,Ohira Castle Ruins Park,38.46177892,140.8802899,4370002
Miyagi Prefecture,Daheng Central Park,38.47357756,140.8748598,4370003
Miyagi Prefecture,Yakurai Mountain,38.57187432,140.7184683,4370021
Miyagi Prefecture,West Park,38.26014017,140.8619907,4370023
Miyagi Prefecture,Matsuyama Gohonmaru Park,38.5072271,141.0544233,4370028
Miyagi Prefecture,Shiroishi Castle Main Keep Plaza,38.00231347,140.6174029,4370006
Miyagi Prefecture,Shiroishi River Embankment Ichitmeki Senbonzakura,38.04852064,140.7380707,4370007
Miyagi Prefecture,Funaoka Castle Ruins Park,38.05509031,140.7593287,4370008
Miyagi Prefecture,Shiwahiko Shrine Shiogama Shrine,38.31916652,141.0146853,4370010
Miyagi Prefecture,Hiyoriyama Park,38.42337048,141.3069862,4370012
Miyagi Prefecture,Oshika Peninsula Kinkasan,38.29733824,141.5519517,4370013
Miyagi Prefecture,Shiroyama Park,38.54523438,141.1313352,4370014
Miyagi Prefecture,Tsurugaoka Park,38.26040075,140.8965778,4370024
Miyagi Prefecture,Michinoku Mori no Kohan Park (Somei Yoshino),38.18028531,140.6675305,4370025
Miyagi Prefecture,Michinoku Mori no Kohan Park (Yamazakura),38.18033531,140.6675005,4370026
Miyagi Prefecture,Teraike Castle Ruins Park,38.65490527,141.2814177,4370029
Miyagi Prefecture,"Tateyama Park (Sambongi, Osaki City)",38.52460341,140.9496612,4370018
Miyagi Prefecture,Rias Blue Line,38.43994152,141.4678121,4370001
Miyagi Prefecture,Kesennuma Kamiyama River Riverside,38.88659528,141.5556542,4370027
Miyagi Prefecture,Mikamine Park,38.22504384,140.8573327,4370009
Miyagi Prefecture,"Haguroyama Park (Matsuyama, Osaki City)",38.50951679,141.0504636,4370016
Miyagi Prefecture,Kesennuma Oshima & Kameyama,38.87337778,141.6179097,4370005
Miyagi Prefecture,Asahiyama Prefectural Natural Park,38.48820135,141.1809237,4370015
Miyagi Prefecture,Saigyo Return-to-Matsu Park,38.36655213,141.0533999,4370011
Akita Prefecture,Butsuzawa Park,39.43150054,140.6134674,5370001
Akita Prefecture,Ichijogi Park,39.46743658,140.6068463,5370002
Akita Prefecture,Odate City Beniyama Nature Park,40.12685727,140.6768101,5370003
Akita Prefecture,Yashio Ikoi no Mori,39.26256209,140.2400162,5370006
Akita Prefecture,Gosho-no-dai Fureai Park,40.38870718,139.9851655,5370007
Akita Prefecture,Takanosu Central Park,40.21494265,140.3793508,5370023
Akita Prefecture,Guicheng Park,40.27254973,140.5647727,5370021
Akita Prefecture,Noshiro City Hall Sakura Garden,40.21171684,140.0268402,5370026
Akita Prefecture,Cherry blossoms along the Ani River,40.00163583,140.4002989,5370027
Akita Prefecture,Sakura & Nanohana Road,39.99138992,139.9990227,5370028
Akita Prefecture,Maemori Park,39.17387599,140.4931493,5370010
Akita Prefecture,Real Man Park,39.20964355,140.572501,5370011
Akita Prefecture,Yokote Park,39.32055164,140.5698561,5370012
Akita Prefecture,Chiaki Park,39.72070107,140.1245847,5370013
Akita Prefecture,Kimimachi Osaka Park,40.22132982,140.2562407,5370014
Akita Prefecture,Shizhi Park,39.26553624,139.9236723,5370015
Akita Prefecture,Honjo Park,39.38471566,140.0474966,5370016
Akita Prefecture,Yaotome Park,39.53481784,140.5194005,5370017
Akita Prefecture,Somei Yoshino Cherry on the Hinokiuchi River Embankment,39.59563205,140.5602143,5370018
Akita Prefecture,Suzukadate Park (Gojome Town),39.9389677,140.1237047,5370020
Yamagata Prefecture,Cherry blossom row along the Shiramizu River embankment,38.44672164,140.3714228,6370001
Yamagata Prefecture,Donomae Park,38.45162165,140.4017701,6370002
Yamagata Prefecture,Kubo cherry in Isazawa,38.09426403,140.0670344,6370003
Yamagata Prefecture,Umamigasaki Sakura Line,38.24738276,140.359953,6370021
Yamagata Prefecture,Mogami River Embankment Senbonzakura,38.10726224,140.0444156,6370022
Yamagata Prefecture,Kusaoka's Daimyojin Cherry Blossoms,38.13552858,140.0081673,6370025
Yamagata Prefecture,Tateyama Park,38.78956804,139.97479,6370029
Yamagata Prefecture,Shimbashi Ryokuchi,38.92204174,139.8525741,6370030
Yamagata Prefecture,Zhongshan Riverside Park,39.05807822,139.9114829,6370031
Yamagata Prefecture,Matsugasaki Park,37.90915448,140.1047397,6370006
Yamagata Prefecture,Eboshiyama Park,38.0506804,140.1649482,6370007
Yamagata Prefecture,Kaminoyama Castle & Tsukioka Park,38.15805087,140.276724,6370008
Yamagata Prefecture,Miyuki Park,38.17219974,140.2992015,6370009
Yamagata Prefecture,Xiacheng Park,38.25541138,140.3295751,6370010
Yamagata Prefecture,Tendo Park (Maizuruyama),38.35416162,140.3756068,6370011
Yamagata Prefecture,Higashizawa Park,38.48155848,140.4039185,6370012
Yamagata Prefecture,Mogami Park,38.76656607,140.2936046,6370013
Yamagata Prefecture,Sagae Park,38.38481646,140.2680643,6370014
Yamagata Prefecture,Daisen Park,38.75374811,139.7591196,6370015
Yamagata Prefecture,Tsuruoka Park,38.72943185,139.8242653,6370016
Yamagata Prefecture,Atsumi Onsen Atsumi River Banks,38.61531029,139.6085984,6370017
Yamagata Prefecture,Hiyoriyama Park,38.91992153,139.8274362,6370018
Yamagata Prefecture,Mahoroba Greenway,37.99376628,140.1532118,6370026
Fukushima Prefecture,Cherry blossom trees along the Kuji River riverside,36.95599175,140.4088684,7370002
Fukushima Prefecture,Kangetsudai Park,37.8768056,140.5427949,7370003
Fukushima Prefecture,Natsui Senbonzakura,37.25681384,140.6535642,7370006
Fukushima Prefecture,Shiroyama Park & Otome Cherry Blossoms,37.13272943,140.2136064,7370008
Fukushima Prefecture,Changjian Temple,37.15831809,140.2935686,7370012
Fukushima Prefecture,Yamatsuriyama Park,36.85167263,140.3932345,7370013
Fukushima Prefecture,Torimiyama Park,37.24948939,140.3538894,7370041
Fukushima Prefecture,Hanamiyama Park,37.73810961,140.4959451,7370035
Fukushima Prefecture,Sasaharagawa Senbonzakura,37.33733816,140.2486641,7370036
Fukushima Prefecture,Cherry blossom rows along the Imadegawa and Kitasugawa rivers,37.14659213,140.4529259,7370048
Fukushima Prefecture,Fujitagawa Fureai Cherry Blossoms,37.45375736,140.3432409,7370051
Fukushima Prefecture,Tanagura Castle Ruins (Kamega Castle Park),37.02983344,140.3856569,7370069
Fukushima Prefecture,Aizu Samurai Residences,37.48533718,139.9538618,7370074
Fukushima Prefecture,Cherry blossoms at Yunokami Onsen Station,37.30364559,139.895425,7370075
Fukushima Prefecture,Kaichengshan Park,37.39801358,140.3579322,7370022
Fukushima Prefecture,"Snake Nose, a Land of Flowers and History",37.5137815,140.3753755,7370024
Fukushima Prefecture,Kasumigajo Park,37.59793346,140.430447,7370025
Fukushima Prefecture,Dake Onsen,37.60587134,140.3573427,7370026
Fukushima Prefecture,Miyagawa Senbonzakura,37.45673831,139.8436323,7370055
Fukushima Prefecture,Tsurugajo Park,37.4877465,139.9297637,7370029
Fukushima Prefecture,Fukuman Kokuzo Bosatsu Enzo-ji Temple,37.53303807,139.7246386,7370040
Fukushima Prefecture,Baihe Xiaofeng City,37.13152955,140.2129566,7370058
Fukushima Prefecture,Waterside Park,37.13382771,140.121724,7370059
Fukushima Prefecture,Shiki no Sato Ryokusuien,37.47192523,140.332561,7370061
Fukushima Prefecture,Ozawa Cherry Blossoms,37.4197752,140.5840225,7370064
Fukushima Prefecture,Suzugaoka Hachiman Shrine,37.77704268,140.909799,7370070
Fukushima Prefecture,Soma Kodaka Shrine,37.56887635,140.9902419,7370076
Fukushima Prefecture,Near the right side of the clear water,37.87462187,140.8886262,7370077
Fukushima Prefecture,Iwaki City Flower Center,37.08960608,140.9027012,7370073
Fukushima Prefecture,Miyukiyama Park,37.00618405,140.8478596,7370079
Fukushima Prefecture,Nakamura Castle Ruins Park Maryo Park,37.79769056,140.9149976,7370030
Fukushima Prefecture,Matsugaoka Park,37.05494944,140.8828145,7370031
Fukushima Prefecture,Nakoso Barrier Ruins,36.86859759,140.7809615,7370032
Fukushima Prefecture,Taira Central Park,37.05062002,140.8892441,7370057
Fukushima Prefecture,Izumisaki Village Satsuki Park,37.15528884,140.3177168,7370033
Fukushima Prefecture,Night Forest Park,37.36691808,140.9975906,7370014
Fukushima Prefecture,Municipal Ranches,37.5701302,140.0737079,7370043
Fukushima Prefecture,Kanonji River,37.53831476,140.1398939,7370045
Fukushima Prefecture,Showa Forest,37.57517956,140.0677582,7370046
Fukushima Prefecture,Kamega Castle Ruins,37.5610117,140.1035059,7370028
Fukushima Prefecture,Tenjin Cape Sports Park,37.26872885,141.0129938,7370004
Tokyo Metropolis,Showa Memorial Park,35.71244705,139.3948798,13370001
Tokyo Metropolis,Nishiarai Daishi,35.78014653,139.7799947,13370003
Tokyo Metropolis,Cherry blossoms on the salt field embankment,35.73978175,139.2590699,13370005
Tokyo Metropolis,Yomiuri Land,35.62574847,139.5179036,13370051
Tokyo Metropolis,Ikegami Honmonji Temple,35.57821684,139.7058802,13370028
Tokyo Metropolis,Jindai Botanical Garden,35.67134408,139.5459392,13370060
Tokyo Metropolis,Chidorigafuchi Greenway,35.69081552,139.7474116,13370029
Tokyo Metropolis,Yasukuni Shrine,35.69403509,139.7428918,13370031
Tokyo Metropolis,Tatsumi no Mori Greenway Park,35.64635145,139.814728,13370054
Tokyo Metropolis,Shiba Park,35.65508932,139.7460833,13370006
Tokyo Metropolis,Kinuta Park,35.62884994,139.6213849,13370007
Tokyo Metropolis,Tokyo Metropolitan Hikarigaoka Park,35.76374563,139.6282081,13370008
Tokyo Metropolis,Hamarikyu Gardens,35.66084898,139.7621317,13370009
Tokyo Metropolis,The old Zhi Detached Palace and the graced garden,35.65450959,139.7585423,13370010
Tokyo Metropolis,Koishikawa Korakuen,35.70493401,139.7477109,13370011
Tokyo Metropolis,Former Iwasaki Residence Garden,35.70933389,139.767629,13370012
Tokyo Metropolis,Rikugien,35.73248108,139.7483896,13370013
Tokyo Metropolis,Mukoshima Hyakuken Garden,35.72418313,139.8149344,13370014
Tokyo Metropolis,Kiyosumi Garden,35.68063748,139.7976379,13370015
Tokyo Metropolis,Old Furukawa Garden,35.74196003,139.7465293,13370016
Tokyo Metropolis,Tokyo Metropolitan Musashino Park,35.68789187,139.5205205,13370032
Tokyo Metropolis,Takiyama Park,35.70134709,139.3291958,13370033
Tokyo Metropolis,Zenpukuji River Green Space & Wadabori Park,35.69065352,139.6323711,13370034
Tokyo Metropolis,Otonashi Waterside Park,35.75261871,139.7359997,13370055
Tokyo Metropolis,Shakujii Park,35.7392577,139.5966118,13370056
Tokyo Metropolis,Tokyo Midtown Midtown Garden,35.66744772,139.730414,13370058
Tokyo Metropolis,Sumida Park,35.71214423,139.8040559,13370017
Tokyo Metropolis,Tokyo Metropolitan Yoyogi Park,35.6693369,139.6951969,13370040
Tokyo Metropolis,Ueno Onshi Park,35.7140535,139.7741983,13370018
Tokyo Metropolis,Asuka Mountain Park,35.750359,139.7390195,13370035
Tokyo Metropolis,Mizumoto Park,35.78628744,139.869497,13370036
Tokyo Metropolis,Komazawa Olympic Park,35.62403113,139.6597319,13370037
Tokyo Metropolis,Inokashira Onshi Park,35.70082143,139.5744355,13370020
Tokyo Metropolis,Koganei Park,35.714359,139.5185995,13370021
Tokyo Metropolis,Sayama Park,35.76316245,139.4426235,13370022
Tokyo Metropolis,Hamura Weir,35.75541095,139.309085,13370023
Tokyo Metropolis,Lake Okutama,35.79258242,139.048015,13370024
Tokyo Metropolis,Meguro River,35.64541953,139.6992476,13370042
Tokyo Metropolis,Ukima Park,35.79497344,139.6935912,13370044
Tokyo Metropolis,Toyama Park,35.70766297,139.7046643,13370045
Tokyo Metropolis,Tokyo Metropolitan Toneri Park,35.79623459,139.767395,13370046
Tokyo Metropolis,Hōmyō Temple,35.72435134,139.7137728,13370047
Tokyo Metropolis,Meiji Jingu Gaien,35.67874629,139.7176346,13370057
Tokyo Metropolis,Kama-no-Fuchi Park,35.7847569,139.256568,13370061
Tokyo Metropolis,Fussa City Tama River Embankment,35.72355473,139.3305747,13370062
Tokyo Metropolis,Ridge Greenway,35.58610521,139.4034241,13370004
Tokyo Metropolis,Shinjuku Gyoen,35.6881643,139.7076078,13370019
Tokyo Metropolis,Yaesu Sakura Street,35.68123949,139.7714389,13370043
Tokyo Metropolis,Kanda Myojin,35.70189305,139.7679535,13370050
Tokyo Metropolis,Waimoat Park,35.69512492,139.739902,13370049
Tokyo Metropolis,Roppongi Hills Mouri Garden / Roppongi Sakura-zaka,35.66050847,139.7307343,13370052
Tokyo Metropolis,Ark Hills,35.66655798,139.7396733,13370038
Tokyo Metropolis,Sendai Horikawa Park,35.68393785,139.8390243,13370053
Tokyo Metropolis,Harimazaka,35.71671266,139.7422508,13370048
Ibaraki Prefecture,Sai Lin Temple,36.07133687,140.4375467,8370004
Ibaraki Prefecture,Kokeiji Temple,36.04406173,139.9761163,8370007
Ibaraki Prefecture,Mizukaido Asunaro no Sato,36.00513496,139.9229025,8370008
Ibaraki Prefecture,Yoshino Park,36.07514884,140.0008828,8370009
Ibaraki Prefecture,Uruno Park,36.54819558,140.4211961,8370010
Ibaraki Prefecture,Tatsunokuchi Waterside Park,36.59165092,140.4204942,8370011
Ibaraki Prefecture,Omiya Nature Park,36.52916732,140.4040584,8370012
Ibaraki Prefecture,Amehiki Kannon,36.33114353,140.1199311,8370020
Ibaraki Prefecture,Qianbo Park,36.36809546,140.4562715,8370024
Ibaraki Prefecture,Sajiro Sanroku Park,36.3841703,140.2596871,8370025
Ibaraki Prefecture,Kaminoike Green Park,35.8904402,140.6651861,8370026
Ibaraki Prefecture,Fukuoka Weir Cherry Blossom Avenue,36.04018306,140.0285021,8370027
Ibaraki Prefecture,Haguroyama Park,35.99026629,140.4803269,8370022
Ibaraki Prefecture,Hitachi Fudoki Hill,36.20707891,140.2402469,8370028
Ibaraki Prefecture,Heiwa Street,36.59575456,140.6541246,8370029
Ibaraki Prefecture,Kamine Park,36.60870323,140.6573537,8370013
Ibaraki Prefecture,Kijo Park (Tsuchiura Castle Ruins),36.08467127,140.198506,8370014
Ibaraki Prefecture,Around Hojo Oike,36.17619983,140.1042696,8370015
Ibaraki Prefecture,Mount Atago,36.2904702,140.252662,8370016
Ibaraki Prefecture,Sakurayama Park,36.37526454,140.4478519,8370021
Ibaraki Prefecture,Shizumine Furusato Park,36.5010606,140.4201484,8370017
Ibaraki Prefecture,Nishiyama Park,36.54227784,140.5143387,8370018
Ibaraki Prefecture,Castle Ruins Historical Park,36.30794192,139.8854017,8370019
Ibaraki Prefecture,Sakura Space Park,36.69875426,140.6952264,8370033
Ibaraki Prefecture,Juo Panorama Park,36.66994681,140.6645103,8370006
Ibaraki Prefecture,Isobe Sakuragawa Park,36.36516018,140.1364882,8370002
Tochigi Prefecture,Mibu Town General Park,36.46146417,139.8094209,9370002
Tochigi Prefecture,Ukemori Park,36.88963107,139.9638184,9370014
Tochigi Prefecture,Shiroyama Park,36.31866928,139.7998683,9370003
Tochigi Prefecture,Nagamine Park,36.81129899,139.9377642,9370019
Tochigi Prefecture,Senjuyama Park,36.57283112,139.7444312,9370005
Tochigi Prefecture,Katayama Park,36.41086615,139.6127596,9370006
Tochigi Prefecture,Shiroyama Park,36.31856543,139.5789466,9370008
Tochigi Prefecture,Shinonome Park,36.42848764,139.8061527,9370009
Tochigi Prefecture,Longcheng Park,36.86846457,140.0344435,9370015
Tochigi Prefecture,Ryumon Waterfall,36.64492032,140.139795,9370022
Tochigi Prefecture,Sanwa Housing Nishinasu Sports Plaza,36.89953045,139.9890958,9370023
Tochigi Prefecture,Nogi Sandō,36.88684203,140.0018654,9370024
Tochigi Prefecture,Omoigawa Sakura Embankment: Omoigawa Cherry Blossom Row,36.31502957,139.7941989,9370025
Tochigi Prefecture,Senbonmatsu Farm,36.92375689,139.9333393,9370029
Tochigi Prefecture,Victoria Peak,36.36009304,139.696345,9370010
Tochigi Prefecture,Kuroiso Park,36.97659334,140.0538069,9370016
Tochigi Prefecture,Okinzakura Zutsumi Walking Trail,36.65947826,140.1108768,9370027
Tochigi Prefecture,Yu-Yu Park,36.67303407,139.9541292,9370028
Tochigi Prefecture,Hachimanyama Park,36.57023388,139.8860995,9370011
Tochigi Prefecture,Kashinomori Park,36.57200592,140.0138989,9370012
Tochigi Prefecture,Fujiyama Nature Park,36.57801635,140.0753235,9370013
Gunma Prefecture,Sakurayama Park,36.16579203,139.02153,10370001
Gunma Prefecture,Weeping Cherry Blossoms at Myogi Shrine,36.30094308,138.7641451,10370003
Gunma Prefecture,Takasaki Castle Ruins Park,36.3240348,139.0040841,10370006
Gunma Prefecture,Jonouchi Park,36.26187862,139.4141729,10370010
Gunma Prefecture,Numata Park (Numata Castle Ruins),36.64833071,139.0382264,10370011
Gunma Prefecture,Tomioka Silk Mill,36.25426024,138.887897,10370021
Gunma Prefecture,Kyūboku River,36.23797095,139.4016451,10370022
Gunma Prefecture,Takasaki Kannon Mountain,36.3109458,138.9810566,10370013
Gunma Prefecture,Taking Flight to the Future: Yamada Manufacturing Kiryugaoka Zoo,36.41988041,139.3395519,10370014
Gunma Prefecture,Akagi South Face Senbonzakura,36.47344207,139.1898818,10370015
Gunma Prefecture,Somei Yoshino from Ikaho Green Farm,36.49878509,138.945371,10370020
Gunma Prefecture,Laoshen Hot Springs,36.67120126,139.2097411,10370018
Gunma Prefecture,Yaezakura at Ikaho Green Farm,36.49878509,138.945351,10370017
Gunma Prefecture,Gezoji Park,36.34254623,139.1989871,10370016
Gunma Prefecture,Sakura no Sato,36.28609434,138.7449574,10370007
Gunma Prefecture,Minakami Onsen (near Suwa Gorge),36.76406713,138.9691568,10370019
Saitama Prefecture,Sakura Embankment Park,36.02949469,139.4841078,11370018
Saitama Prefecture,Around Yoshimi Hyakuana,36.03966251,139.4216825,11370019
Saitama Prefecture,Satte Gongendo Sakuratsutsumi (Prefectural Gongendo Park),36.09249213,139.7232151,11370002
Saitama Prefecture,Shiroyama Park,35.99001964,139.5253662,11370005
Saitama Prefecture,"Lake Naguri, Hannō City",35.87525567,139.1679012,11370006
Saitama Prefecture,Sayama Inariyama Prefectural Park,35.84571285,139.3984434,11370007
Saitama Prefecture,Sugito West Neighborhood Park,36.04968645,139.7085283,11370008
Saitama Prefecture,Tokikawa Sakura Embankment,36.03262157,139.324331,11370011
Saitama Prefecture,Musashi Kyuryo National Government Park,36.06980833,139.3668557,11370023
Saitama Prefecture,Kodama Senbonzakura,36.18210235,139.1394494,11370024
Saitama Prefecture,Takao Sakura Park,36.02496557,139.5065262,11370028
Saitama Prefecture,Jogaya Embankment,36.01055709,139.5056069,11370029
Saitama Prefecture,Iwatsuki Castle Ruins Park,35.95128704,139.7119925,11370032
Saitama Prefecture,Tokorozawa Aviation Memorial Park,35.79560952,139.4733895,11370036
Saitama Prefecture,Tenranzan & Chuo Park,35.85860994,139.3108001,11370047
Saitama Prefecture,Wakaizumi Park,36.24392651,139.1839329,11370037
Saitama Prefecture,Numabe Park,35.89161597,139.8581731,11370038
Saitama Prefecture,Ina Town Musen Mountain Cherry Blossom Row,35.98652164,139.6184387,11370040
Saitama Prefecture,Sakura-no-yama Park,35.96377838,139.2926568,11370041
Saitama Prefecture,Ciguangshan Historical Park,36.01038234,139.2324496,11370042
Saitama Prefecture,Somei Yoshino Cherry Blossoms in Binoyama Park,36.05646534,139.1139673,11370043
Saitama Prefecture,Shiroyama Inari Shrine,36.24384667,139.1922422,11370045
Saitama Prefecture,Misato Park,35.78686743,139.8727267,11370046
Saitama Prefecture,Tsurugashima City Sports Park,35.92269463,139.3991298,11370050
Saitama Prefecture,Yamazakura in Minoyama Park,36.05650534,139.1138773,11370051
Saitama Prefecture,Seibuen Amusement Park,35.76937175,139.4403034,11370052
Saitama Prefecture,Tobu Zoo,36.02026978,139.7187688,11370053
Saitama Prefecture,Sun Amenity Kitamoto Camp Field,36.02253585,139.5075162,11370055
Saitama Prefecture,Shinobi City,36.13793256,139.4533554,11370058
Saitama Prefecture,Marubaka Mountain Kofun,36.12929392,139.4785037,11370059
Saitama Prefecture,Ancient Lotus Village,36.13081414,139.5005618,11370060
Saitama Prefecture,Kamakita Lake,35.91639343,139.291569,11370012
Saitama Prefecture,Kumagaya Sakurazuttsumi,36.13620154,139.3846212,11370013
Saitama Prefecture,Nagatoro,36.0995307,139.1117255,11370014
Saitama Prefecture,Shiroyama Park,36.19322095,139.1272299,11370016
Saitama Prefecture,Omiya Park,35.91863911,139.6304808,11370017
Saitama Prefecture,Sakura Street,35.88140687,139.8467845,11370020
Saitama Prefecture,Yono Park,35.88136286,139.6169936,11370022
Saitama Prefecture,Sakura Embankment on the Karasawa River,36.19119383,139.2800473,11370001
Saitama Prefecture,Kotone River Embankment,35.92370163,139.805716,11370010
Saitama Prefecture,Yudono Riverbank,36.11100092,139.1950081,11370049
Saitama Prefecture,Konosu Park,36.05453256,139.5151241,11370030
Saitama Prefecture,Cherry Blossom Avenue of Moto-Arakawa River,36.10641594,139.4540468,11370031
Saitama Prefecture,Kita-Koshigaya Moto-Arakawa Embankment,35.89847375,139.7729899,11370003
Saitama Prefecture,Hitsujiyama Park,35.98306273,139.0872229,11370033
Chiba Prefecture,Izumi Nature Park,35.57710602,140.2250471,12370021
Chiba Prefecture,Municipal Memorial Park,35.7821703,140.0081357,12370023
Chiba Prefecture,Konakaike Park,35.51593365,140.2873948,12370024
Chiba Prefecture,local temple,35.84019271,139.9287996,12370001
Chiba Prefecture,Inohana Park,35.60479134,140.126414,12370002
Chiba Prefecture,Koke Shrine,34.96248695,139.9496183,12370005
Chiba Prefecture,Minamiboso City Chikura General Sports Park,34.97223583,139.9452282,12370006
Chiba Prefecture,Narita Yume Farm,35.86928775,140.3954895,12370026
Chiba Prefecture,Obō Cape Nature Park,35.03892639,139.8132861,12370029
Chiba Prefecture,Chiba City Zoological Park,35.64542701,140.1273221,12370028
Chiba Prefecture,Naritasan Park,35.78584539,140.3220295,12370009
Chiba Prefecture,Mobara Park,35.43030276,140.2845989,12370011
Chiba Prefecture,Sakura Castle Ruins Park,35.72208036,140.2161712,12370012
Chiba Prefecture,Lake Yatsuru,35.56113004,140.3572369,12370013
Chiba Prefecture,Shiroyama Park,34.98195326,139.8572251,12370014
Chiba Prefecture,Omigawa Shiroyama Park,35.85937227,140.5936935,12370015
Chiba Prefecture,Katori Shrine,35.88604828,140.5287077,12370016
Chiba Prefecture,Otayama Park,35.37971212,139.9379601,12370017
Chiba Prefecture,Chiba Children's Country KidsDom,35.48949378,140.1327088,12370025
Chiba Prefecture,Chiba Park,35.61873968,140.1169042,12370019
Chiba Prefecture,Shimizu Park,35.95827875,139.8530405,12370020
Chiba Prefecture,Mother Ranch,35.24515658,139.941506,12370010
Chiba Prefecture,Sawara Park (Suwa Park),35.88938724,140.4895708,12370004
Chiba Prefecture,Sogo Reido,35.76160724,140.2795541,12370008
Kanagawa Prefecture,Mitsuike Prefectural Park,35.52305195,139.6607165,14370016
Kanagawa Prefecture,Iiyama Hakusan Forest Park,35.47211117,139.3045884,14370001
Kanagawa Prefecture,Cherry blossoms around Tsukui Lake Shiroyama Park,35.58688847,139.2800652,14370003
Kanagawa Prefecture,Shiroyama Park,35.4383668,139.4198704,14370004
Kanagawa Prefecture,Ayanishi Green Space,35.43404708,139.4093915,14370006
Kanagawa Prefecture,Nogeyama Zoo / Nogeyama Park,35.44662946,139.6227632,14370019
Kanagawa Prefecture,The main approach and precincts of Samukawa Shrine,35.37945245,139.3828262,14370020
Kanagawa Prefecture,Miyagino Hayakawa Embankment,35.25365009,139.0497696,14370021
Kanagawa Prefecture,Sagami Lake Resort Pleasure Forest,35.60482517,139.2011609,14370022
Kanagawa Prefecture,Near the Anest Iwata Turnpike Hakone Gosho-no-Iri Parking Lot,35.21955489,139.1156357,14370024
Kanagawa Prefecture,Ooka River Promenade,35.42338155,139.6003261,14370025
Kanagawa Prefecture,Genjiyama Park,35.32653092,139.5437752,14370026
Kanagawa Prefecture,Koboyama Park,35.3720608,139.2427681,14370028
Kanagawa Prefecture,Yokohama City Kanazawa Zoo,35.34873952,139.5994396,14370029
Kanagawa Prefecture,Hakone Gora Park,35.24857055,139.0451502,14370030
Kanagawa Prefecture,Onshi Hakone Park,35.19621582,139.0261042,14370031
Kanagawa Prefecture,Ikuta Ryokuchi,35.6109308,139.5606907,14370032
Kanagawa Prefecture,Odawara Castle Ruins Park,35.25086221,139.1540011,14370008
Kanagawa Prefecture,Tsurugaoka Hachimangu Shrine,35.32580122,139.5563042,14370009
Kanagawa Prefecture,Kinugasayama Park,35.24905124,139.6601291,14370010
Kanagawa Prefecture,Sanxi Garden,35.41732325,139.6604714,14370011
Kanagawa Prefecture,Yamakita Railway Park (a street lined with cherry blossom trees along the Gotemba Line),35.36030918,139.0783623,14370015
Kanagawa Prefecture,Hakone (Yumoto),35.23315327,139.1065559,14370012
Kanagawa Prefecture,Hakone (Lake Ashi / Sensekihara),35.26569805,139.0067626,14370014
Kanagawa Prefecture,Higashihara Cherry Blossom Row,35.4761229,139.427798,14370018
Kanagawa Prefecture,Hikaraya Park,35.44537626,139.4319591,14370005
Yamanashi Prefecture,Dashan Temple,35.65577173,138.7432466,19370001
Yamanashi Prefecture,Yamanokami Senbonzakura,35.55707911,138.5617662,19370002
Yamanashi Prefecture,Cherry Blossoms at Myoryoji Temple,35.60547178,138.4383142,19370003
Yamanashi Prefecture,Yamataka Jindai Sakura,35.78033184,138.367742,19370017
Yamanashi Prefecture,Maizuru Castle Park,35.66414783,138.5714304,19370004
Yamanashi Prefecture,Kinzakura Shrine,35.76933631,138.5560369,19370005
Yamanashi Prefecture,Kawaguchiko-koban (North Shore),35.5231763,138.7655708,19370006
Yamanashi Prefecture,Jinroku Sakura,35.67347983,138.7431958,19370009
Yamanashi Prefecture,Yatsushiro Furusato Park,35.6026657,138.6454871,19370020
Yamanashi Prefecture,Arakurayama Sengen Park (near Chureito),35.50122927,138.8013889,19370021
Yamanashi Prefecture,Iwadonosan Maruyama Park,35.6186793,138.9498611,19370010
Yamanashi Prefecture,Seichun Art Village,35.8223071,138.3530613,19370011
Yamanashi Prefecture,Sakura Onsen Street,35.65782981,138.6460545,19370012
Yamanashi Prefecture,Fuji Omuro Sengen Shrine,35.50995737,138.7459731,19370013
Yamanashi Prefecture,Takeda Shrine,35.68667552,138.5773989,19370014
Yamanashi Prefecture,Dafushi Park,35.54595844,138.4552855,19370016
Nagano Prefecture,Fuwang Temple,36.26092994,138.3393522,20370003
Nagano Prefecture,Higashiyama Yume-no-Sato Park (Yume Farm),36.40798671,137.9098711,20370004
Nagano Prefecture,Onishi Park,35.56077952,138.0352297,20370007
Nagano Prefecture,Uyama's cherry blossom avenue,36.37611988,137.8962137,20370039
Nagano Prefecture,Karuizawa Prince Hotel,36.3374569,138.6337843,20370044
Nagano Prefecture,Tokura-juku Kitty Park,36.49492172,138.1566766,20370041
Nagano Prefecture,Hiraoyama Park,36.279081,138.5111371,20370045
Nagano Prefecture,Komoro Castle Ruins Kaikoen,36.32684425,138.4172427,20370010
Nagano Prefecture,Ueda Castle Ruins Park,36.40308309,138.2452735,20370011
Nagano Prefecture,Tokura Kamiyamada Onsen Shiroyama Cherry Blossoms,36.47927305,138.136559,20370012
Nagano Prefecture,Clouds ascend the palace,36.67032352,138.1886659,20370013
Nagano Prefecture,"Shiroyama Park, Nagano City",36.66365428,138.191496,20370014
Nagano Prefecture,Ibaraki Farm Nagano Branch,36.25560317,138.4913699,20370015
Nagano Prefecture,Inariyama Park,36.19363963,138.4818935,20370016
Nagano Prefecture,Iiyama Castle Ruins,36.85659671,138.3668725,20370017
Nagano Prefecture,National Treasure Matsumoto Castle,36.23953576,137.969174,20370018
Nagano Prefecture,"Shiroyama Park, Matsumoto City",36.24676475,137.9551248,20370019
Nagano Prefecture,Omachi Park,36.50491564,137.86985,20370020
Nagano Prefecture,Shuiyue Park,36.08460438,138.0864014,20370021
Nagano Prefecture,Takashima Park,36.03884973,138.1124013,20370022
Nagano Prefecture,Garyu Park,36.64455843,138.3121268,20370023
Nagano Prefecture,Guangcheng Mountain,36.32086646,137.9343331,20370025
Nagano Prefecture,Matsushiro Castle Ruins,36.56599481,138.1960001,20370026
Nagano Prefecture,Kobōzan Kofun,36.21287885,137.9826941,20370027
Nagano Prefecture,Iiyama Nishiotaki Dam,36.9778358,138.4846772,20370037
Nagano Prefecture,Kojinzan Park,35.96656536,137.9919546,20370038
Nagano Prefecture,Iida City Omiya Street Cherry Blossom Avenue,35.52062019,137.8276088,20370031
Nagano Prefecture,Taifu Village General Ground,35.37908564,137.8453639,20370033
Nagano Prefecture,Kasuga Park,35.83931814,137.9444245,20370006
Nagano Prefecture,Senninzuka Park,35.66942545,137.8948664,20370030
Aichi Prefecture,Tsurumai Park,35.1543835,136.9194211,23370019
Aichi Prefecture,Owari Okunirei Shrine (Kokufu-giya),35.25610062,136.8051459,23370003
Aichi Prefecture,Oyama Green Space,34.93367826,136.9856358,23370006
Aichi Prefecture,Suwa's Cherry Blossom Tunnel,34.82749643,137.3755283,23370007
Aichi Prefecture,Cherry Blossom Row of Gojo River (Okuchi Town),35.33031447,136.907314,23370008
Aichi Prefecture,Qingsu Park,35.2172354,136.8407548,23370011
Aichi Prefecture,Water Source Park,35.0490493,137.1793744,23370020
Aichi Prefecture,Otowa River Embankment,34.84451362,137.3191922,23370023
Aichi Prefecture,Higashiyama Fruit Park,35.25162535,137.0483759,23370025
Aichi Prefecture,Museum Meiji Mura,35.33999485,136.9882069,23370027
Aichi Prefecture,Yamazaki River: The Four Seasons Path,35.13064645,136.9431802,23370028
Aichi Prefecture,Cherry Blossom Necklace,35.20508494,136.7400137,23370030
Aichi Prefecture,Aichi Prefectural Greening Center,35.15587809,137.1916584,23370034
Aichi Prefecture,Sanagawa River Embankment,34.82897641,137.3835376,23370035
Aichi Prefecture,Nagoya Castle,35.18363001,136.8988015,23370037
Aichi Prefecture,Akashi Park (Aichi Prefecture),34.90543124,136.9830373,23370038
Aichi Prefecture,Kijo Park,34.98930229,136.9846033,23370039
Aichi Prefecture,Yagotoyama Koshoji Temple,35.13995579,136.9624582,23370041
Aichi Prefecture,Okazaki Park,34.95654884,137.1588403,23370013
Aichi Prefecture,Jokoji Park,35.27797328,137.0913112,23370014
Aichi Prefecture,Kiso River Embankment,35.35664989,136.8067112,23370016
Aichi Prefecture,Sakurabuchi Park,34.89388159,137.5052045,23370017
Aichi Prefecture,Aichi Prefectural Forest,34.99467293,137.6264498,23370018
Aichi Prefecture,Arako River Park,35.10312794,136.8602184,23370032
Aichi Prefecture,Expo 2000 Aichi Commemorative Park (Moricoro Park),35.17705402,137.0882661,23370036
Aichi Prefecture,Iwayado Park,35.24006827,137.1449084,23370010
Aichi Prefecture,The entire Kiso River area in Inuyama City,35.38979871,136.9419784,23370015
Niigata Prefecture,Shibata Castle Ruins Park,37.95421603,139.3240625,15370002
Niigata Prefecture,Bentenkata Scenic Park,37.9637939,139.2611473,15370004
Niigata Prefecture,Washinoki Sakura Promenade Park,37.84615231,139.0220926,15370005
Niigata Prefecture,Yuzawa Central Park,36.93547622,138.8218211,15370006
Niigata Prefecture,Uonogawa Cherry Blossoms,37.21927825,138.9582667,15370007
Niigata Prefecture,Koide Park,37.22699733,138.9528368,15370008
Niigata Prefecture,Hyoko Water Kinen Park,37.83674707,139.2369052,15370009
Niigata Prefecture,Tianchao Mountain Park,37.83744683,139.2272059,15370010
Niigata Prefecture,Shinano River Yasuragi Tsutsumi Green Space,37.9118456,139.040048,15370011
Niigata Prefecture,Mano Park,37.95448893,138.3470036,15370024
Niigata Prefecture,Cherry Blossom Row in Shine,37.7703839,139.2215695,15370029
Niigata Prefecture,Gozu Mountain Foothills Ikoi no Mori,37.82101006,139.3118297,15370030
Niigata Prefecture,Muramatsu Park,37.69259164,139.1882258,15370012
Niigata Prefecture,Akiba Park,37.78825052,139.1371957,15370013
Niigata Prefecture,Niigata Prefectural Toriya Nogata Park,37.8776393,139.0422594,15370014
Niigata Prefecture,Okozu Diverting Cherry Blossom Row,37.61557381,138.8407882,15370015
Niigata Prefecture,Yahiko Park (Early Bloom),37.69869471,138.8290254,15370016
Niigata Prefecture,Yahiko Park (late bloomer),37.69869471,138.8290254,15370017
Niigata Prefecture,Kyōzukayama Park,37.01407789,138.2539047,15370026
Niigata Prefecture,Kajikawa Embankment,37.98969182,139.3002628,15370027
Niigata Prefecture,Hakusan Park,37.91418532,139.0382981,15370028
Niigata Prefecture,Takada Castle Ruins Park,37.10967772,138.25671,15370019
Niigata Prefecture,Akasakayama Park,37.35863607,138.5418949,15370020
Niigata Prefecture,Yukyūyama Park,37.43077428,138.8814034,15370021
Niigata Prefecture,Miyama Park,37.02368998,137.859817,15370022
Niigata Prefecture,Niibo Dam,38.00666512,138.4485028,15370023
Toyama Prefecture,Cherry blossom avenue around Uchikawa,36.77844278,137.0909521,16370001
Toyama Prefecture,"Joganjigawa Park, Toyama Prefecture",36.69281529,137.2829401,16370002
Toyama Prefecture,Anjuji Park,36.60181808,136.8853173,16370004
Toyama Prefecture,Oyabe River Park Senbonzakura,36.55759263,136.8749602,16370017
Toyama Prefecture,"Toyobo Co., Ltd. Toyama Office, Shogawa Factory",36.73720646,137.0489775,16370018
Toyama Prefecture,Yakushoji Pond Park,36.70036105,137.0861661,16370019
Toyama Prefecture,Shimojo River Senbonzakura,36.72221896,137.1000939,16370020
Toyama Prefecture,Kenmin Park Taikoyama Land,36.69303215,137.1044549,16370021
Toyama Prefecture,Toyama City Folklore Village,36.70903191,137.1881872,16370022
Toyama Prefecture,Shogawa Water Memorial Park,36.57374299,136.9944395,16370023
Toyama Prefecture,Castle Site Park,36.69283404,137.211416,16370024
Toyama Prefecture,Asahi Funakawa Spring Quartet,36.93908345,137.5403474,16370025
Toyama Prefecture,Shiroyama Park,36.68158915,136.8622356,16370005
Toyama Prefecture,Banks cross river embankments,36.71193709,136.9304885,16370006
Toyama Prefecture,Takaoka Old Castle Park,36.74931472,137.023469,16370007
Toyama Prefecture,Asahiyama Park,36.85450276,136.9827076,16370008
Toyama Prefecture,Kurebayama Park,36.70890187,137.1853175,16370010
Toyama Prefecture,Josei Irrigation Promenade Park,36.61175434,137.304492,16370011
Toyama Prefecture,Miyano Sports Park,36.86654009,137.476316,16370012
Toyama Prefecture,Matsukawa Park,36.69446389,137.2126159,16370013
Toyama Prefecture,Shirogayama Park,36.5739054,137.133038,16370014
Toyama Prefecture,Toyama Prefectural Central Botanical Garden,36.66033701,137.18225,16370015
Ishikawa Prefecture,"Ishikawa Prefectural Comprehensive Research Center for Agriculture and Forestry, Forestry Experiment Station, Tree Park",36.43057213,136.6407355,17370001
Ishikawa Prefecture,Zongchi Temple Ancestral Courtyard,37.28697276,136.7686455,17370003
Ishikawa Prefecture,Noto Town Yanagida Botanical Park,37.33423412,137.1356528,17370013
Ishikawa Prefecture,"Kibo-no-Oka Park, Nanao City",37.03037408,136.9902889,17370015
Ishikawa Prefecture,Saigawa Green Space,36.56898725,136.6365295,17370017
Ishikawa Prefecture,Kumasaka River Banks,36.3044798,136.307749,17370004
Ishikawa Prefecture,Oenomiya Park,36.28619252,136.3518061,17370005
Ishikawa Prefecture,Lucheng Park,36.40945101,136.4476325,17370006
Ishikawa Prefecture,"Special Place of Scenic Beauty, Kenrokuen Garden",36.56197845,136.6624676,17370007
Ishikawa Prefecture,Utatsuyama Park,36.56898801,136.6801459,17370008
Ishikawa Prefecture,Komaruyama Castle Ruins Park,37.04576191,136.9601807,17370009
Ishikawa Prefecture,Ipponmatsu Park,37.39156403,136.909319,17370010
Ishikawa Prefecture,Kaga City Central Park,36.32159838,136.3312162,17370016
Ishikawa Prefecture,Cherry Blossom Row of Kahoku Lagoon: Mother's Love Highway,36.65983794,136.6601133,17370018
Ishikawa Prefecture,Noto Sakura Station (Noto-Kashima Station),37.18005646,136.8980096,17370011
Ishikawa Prefecture,Shio Sakura no Sato Kofun Park,36.85642964,136.8159913,17370012
Fukui Prefecture,Echizen Pottery Village,35.93651484,136.0607164,18370001
Fukui Prefecture,Lake Kuzuryu,35.87593335,136.749242,18370002
Fukui Prefecture,Manyo no Sato Ajimanoen,35.8853634,136.2376341,18370015
Fukui Prefecture,Asuwa River Cherry Blossom Avenue,36.06365378,136.2058385,18370017
Fukui Prefecture,Obama Park,35.49243663,135.733974,18370004
Fukui Prefecture,Kanegasaki Shrine (Kanegasaki Park),35.66448417,136.0740478,18370005
Fukui Prefecture,Nishiyama Park,35.95059546,136.1822557,18370007
Fukui Prefecture,Asuwayama Park,36.05107505,136.2019094,18370008
Fukui Prefecture,Katsuyama Benten Cherry Blossoms (Kuzuryu Riverside),36.05831943,136.4966046,18370009
Fukui Prefecture,Maruoka Castle (Kasumigajo Park),36.15234545,136.2721089,18370010
Fukui Prefecture,Kameyama Park,35.98681685,136.483689,18370011
Fukui Prefecture,Matsuoka Park,36.08931269,136.3009594,18370020
Fukui Prefecture,Cherry blossom avenue along the Yoshinose River,35.90548973,136.1507904,18370022
Fukui Prefecture,Kitagata Lakeside Park (Somei Yoshino),36.25830335,136.2282377,18370018
Fukui Prefecture,Hanakama Park,35.91917979,136.2382225,18370006
Gifu Prefecture,Cherry blossom avenue along Lake Oku-Yahagi,35.23684392,137.4485334,21370037
Gifu Prefecture,Sunomata Ichiya Castle Ruins & Saigawa Embankment,35.3670567,136.6875806,21370001
Gifu Prefecture,Teraogahara Senbonzakura Park,35.57191736,136.8347589,21370003
Gifu Prefecture,Hirata Park and the Okura River Cherry Blossom Row,35.26797655,136.6450487,21370004
Gifu Prefecture,Sekigawa Cherry Blossoms,35.4819384,136.9158263,21370005
Gifu Prefecture,Cherry Blossoms of the Yoshida River,35.48400837,136.9266153,21370006
Gifu Prefecture,Cherry blossoms at Seki Zenkoji Temple,35.48904762,136.9149061,21370007
Gifu Prefecture,Atago Park,35.75059053,136.9653699,21370009
Gifu Prefecture,Shiroyama Park,36.14002408,137.2632372,21370010
Gifu Prefecture,Along the Enago River,36.14635331,137.2579473,21370013
Gifu Prefecture,Miyagawa Ryokuchi Park,36.15388246,137.2553672,21370014
Gifu Prefecture,Around Nakabashi,36.140094,137.2593675,21370016
Gifu Prefecture,Kasuma Gorge,35.43154742,136.5514889,21370018
Gifu Prefecture,Living Environment Conservation Forest 'Mitake Forest',35.42198855,137.1297613,21370020
Gifu Prefecture,Nanshan Park,35.42199855,137.1296713,21370043
Gifu Prefecture,Cherry blossom row along the Shinsakaigawa embankment,35.39932593,136.8408464,21370039
Gifu Prefecture,Ibukiyama Driveway,35.37153205,136.4489702,21370042
Gifu Prefecture,Ena Gorge,35.48086709,137.4067756,21370024
Gifu Prefecture,Honcho Park,35.49601709,137.4996672,21370025
Gifu Prefecture,Naegi Sakura Park,35.51657463,137.4845175,21370026
Gifu Prefecture,Suidōzan,35.42500199,136.7728708,21370030
Gifu Prefecture,Gifu Park Nagara River Embankment,35.43826064,136.7769599,21370031
Gifu Prefecture,Retirement Park,35.28328325,136.5494859,21370032
Gifu Prefecture,Mount Tachigumi Kegonji Temple,35.5372471,136.6078794,21370033
Gifu Prefecture,Aikawa Waterfront Park,35.37314326,136.5280336,21370034
Gifu Prefecture,Within the grounds of Toshogu Shrine (formerly Shotai-ji),36.13416436,137.2435591,21370012
Gifu Prefecture,Kaba-no-ko,35.58509755,137.4988132,21370027
Shizuoka Prefecture,Sunpu Castle Park,34.9793178,138.3835476,22370002
Shizuoka Prefecture,Fuji Cemetery,35.36733546,138.9084361,22370026
Shizuoka Prefecture,Sakura no Sato,34.90726786,139.0908122,22370003
Shizuoka Prefecture,Kano River Sakura Park,35.04726018,138.9362286,22370027
Shizuoka Prefecture,Koganezaki Park,34.84179913,138.7629624,22370004
Shizuoka Prefecture,Akiba Dam Senbonzakura,34.97215889,137.8297839,22370005
Shizuoka Prefecture,Oguni Shrine,34.84508371,137.9000139,22370006
Shizuoka Prefecture,Otagawa Sakura Embankment,34.84250462,137.936181,22370007
Shizuoka Prefecture,Surugadara Nature Park,35.17239564,138.8700883,22370008
Shizuoka Prefecture,Awagatake,34.84186699,138.0684701,22370009
Shizuoka Prefecture,Hamatsu Flower Park,34.76186797,137.6344698,22370029
Shizuoka Prefecture,Kiya River Embankment,34.83199247,138.3213895,22370010
Shizuoka Prefecture,Taishiji Temple,35.28134903,138.5859469,22370012
Shizuoka Prefecture,Hamatsu Fruit Park Tokinosu,34.84009132,137.732788,22370031
Shizuoka Prefecture,Kawaramachi Old Embankment,34.83193955,138.1539734,22370033
Shizuoka Prefecture,Takamatsu Shrine,34.65378754,138.0929467,22370035
Shizuoka Prefecture,Along the Katsumata River,34.73867067,138.2194223,22370036
Shizuoka Prefecture,Cherry blossom avenue along the Naka River,34.7538991,138.7952238,22370037
Shizuoka Prefecture,Along the Chitose River,35.14053287,139.0888116,22370039
Shizuoka Prefecture,Sakurazuttsumi Promenade,35.1452592,138.9072664,22370043
Shizuoka Prefecture,Izu Kogen Cherry Blossom Avenue,34.88824013,139.1041719,22370013
Shizuoka Prefecture,Mishima Taisha,35.12129196,138.9190266,22370015
Shizuoka Prefecture,Gotenyama,35.12120651,138.6063825,22370017
Shizuoka Prefecture,Shizuoka Sengen Shrine,34.98332723,138.375808,22370018
Shizuoka Prefecture,Ieyama Sakura Tunnel,34.93260744,138.0772452,22370020
Shizuoka Prefecture,Mount Fado,34.73571673,137.9757327,22370022
Shizuoka Prefecture,Hamamatsu Castle Park,34.71188491,137.7254346,22370023
Shizuoka Prefecture,Okuyama Park,34.84735853,137.6176273,22370025
Shizuoka Prefecture,Fuji Buddha Relic Pagoda Peace Park,35.2864978,138.9526731,22370024
Shizuoka Prefecture,Tobayama Park,34.85803068,137.8058311,22370021
Shizuoka Prefecture,Kagan Mountain,35.09219435,138.8772314,22370016
Shizuoka Prefecture,Rengeji Pond Park,34.87434677,138.2544331,22370028
Shizuoka Prefecture,Fujieda Kinpira Mountain,34.86589752,138.2458142,22370019
Shizuoka Prefecture,Around Funaake Dam,34.88901749,137.8130291,22370044
Shizuoka Prefecture,Japanese Plateau,34.98071907,138.4647908,22370014
Mie Prefecture,Kimigano Dam Park,34.59884244,136.3193465,24370001
Mie Prefecture,Otaki Gorge Nature Park,34.35032045,136.4014512,24370002
Mie Prefecture,Nabeta River Embankment Cherry Blossom Row,35.08211821,136.7467488,24370005
Mie Prefecture,Kameyama Park,34.85663715,136.4504238,24370014
Mie Prefecture,Toba Castle Ruins Shiroyama Park,34.48232406,136.8436384,24370017
Mie Prefecture,Yunoyama Onsen,35.01538011,136.4469368,24370006
Mie Prefecture,Matsusaka Castle Ruins (Matsusaka Park),34.57557853,136.5255305,24370007
Mie Prefecture,Tsukairaku Park,34.73179149,136.5065249,24370009
Mie Prefecture,Tamaru Castle Ruins,34.49079944,136.6310456,24370010
Mie Prefecture,Miyagawa Embankment,34.49558989,136.6860408,24370011
Mie Prefecture,Ueno Park,34.77038076,136.1285445,24370013
Mie Prefecture,Miya River Watarai Park,34.43141576,136.6291385,24370003
Osaka Prefecture,Eiraku Dam / Around Eiraku Dam,34.37238013,135.3730356,27370014
Osaka Prefecture,Oiseki Park,34.37384945,135.343318,27370001
Osaka Prefecture,Hongchuanji Temple,34.47471411,135.6550374,27370016
Osaka Prefecture,Around Kishiwada Castle,34.45905081,135.3704818,27370017
Osaka Prefecture,"Katsuo-ji Temple, Temple of Fortune",34.86584941,135.491123,27370021
Osaka Prefecture,Satsukiyama Park,34.82944218,135.42672,27370008
Osaka Prefecture,Nenposhinkyo Head Temple: Kongō-ji Temple,34.71414693,135.5650539,27370024
Osaka Prefecture,Osaka Diamond District,34.69949732,135.4979501,27370025
Osaka Prefecture,Settsukyo Park,34.87504013,135.5885045,27370002
Osaka Prefecture,Expo '' Commemorative Park,34.80993615,135.534832,27370004
Osaka Prefecture,Biantian Sect Mingying Temple,34.8253748,135.5516799,27370005
Osaka Prefecture,Osaka Castle Park,34.68697916,135.5262983,27370007
Osaka Prefecture,Sayamaike Park,34.50613887,135.5476649,27370023
Osaka Prefecture,Hoshida Myoken Shrine (Myoken Riverside),34.75950406,135.6783424,27370009
Osaka Prefecture,Chi Kwong Court,34.43944372,135.4165688,27370010
Osaka Prefecture,Daisen Park,34.55908207,135.4824279,27370011
Osaka Prefecture,Kurotoriyama Park,34.48663916,135.4447543,27370012
Osaka Prefecture,Cherry Blossoms in Yamanaka Gorge,34.3259333,135.2701362,27370013
Osaka Prefecture,Osaka Prefectural Chikatsu Asuka Museum,34.50313087,135.643787,27370022
Osaka Prefecture,Head Temple: Shitennoji Temple,34.65388252,135.5163307,27370019
Osaka Prefecture,Keba Sakuranomiya Park,34.69530819,135.5218783,27370006
Osaka Prefecture,Former Ibaraki River Green Space,34.81918578,135.5698086,27370015
Osaka Prefecture,Hirakata Park,34.80682832,135.6399934,27370003
Shiga Prefecture,Kongolun-ji,35.16124165,136.2829537,25370002
Shiga Prefecture,Koto Sanzan Saimeiji Temple,35.18379925,136.2840725,25370003
Shiga Prefecture,"""National Historic Site"" Shakayama Hyakusai-ji Temple (Koto Sanzan)",35.12692541,136.2885948,25370004
Shiga Prefecture,Shiga Prefectural Omi Fuji Flower Green Park,35.05167923,136.0460584,25370018
Shiga Prefecture,Kojoyama (Minakuchi Okayama Castle Ruins),34.96917044,136.1826308,25370025
Shiga Prefecture,Nigori Pond Nature Park,35.0037657,136.1234442,25370027
Shiga Prefecture,Yushan Cultural Sports Park,35.00427425,136.0432808,25370028
Shiga Prefecture,Nogawa Cherry Blossoms,34.89222877,136.1884139,25370029
Shiga Prefecture,Ayukawa Senbonzakura (Ugui River),34.95543464,136.3391485,25370030
Shiga Prefecture,Juraku no Sato,34.98832624,136.0595102,25370031
Shiga Prefecture,Awakening well trout farm,35.29978781,136.3392826,25370008
Shiga Prefecture,National Treasure - Hikone Castle,35.2763088,136.2522309,25370009
Shiga Prefecture,Sekiyama-dera,34.96050653,135.9058342,25370011
Shiga Prefecture,Kaizu Osaki,35.46385573,136.0796366,25370012
Shiga Prefecture,Biwako Valley,35.20279064,135.9074929,25370013
Shiga Prefecture,Miidera (Onjoji Temple),35.01335995,135.8528362,25370014
Shiga Prefecture,Yutaka Park (Nagahama Castle),35.37721817,136.2612855,25370015
Shiga Prefecture,Nango Fisheries Center,34.9393289,135.9121147,25370016
Shiga Prefecture,Enmei Park,35.11398512,136.1924034,25370019
Shiga Prefecture,Windmill Street,35.35020769,136.0684728,25370023
Shiga Prefecture,Eigenji Dam (Dam Surrounding Road),35.07494176,136.3338134,25370022
Shiga Prefecture,Near Iwagami Bridge along the Yasu River,34.95791189,136.1967202,25370026
Shiga Prefecture,Seirakuji Tokugen-in,35.34541379,136.3882764,25370006
Shiga Prefecture,Tiger Imperial Front Mountain,35.43281221,136.260463,25370007
Kyoto Prefecture,Jizo Zen-in,34.80393176,135.8192286,26370001
Kyoto Prefecture,Tamagawa Cherry Blossoms,34.79845218,135.8094297,26370002
Kyoto Prefecture,Kyoraku Park,35.47582196,135.3649054,26370038
Kyoto Prefecture,Fung Kong Garden,35.59853395,135.085013,26370039
Kyoto Prefecture,"Cherry blossoms at Hachijogaike, Nagaoka Tenmangu Shrine",34.92291676,135.688814,26370045
Kyoto Prefecture,Yoshimineji Temple,34.93806437,135.644567,26370005
Kyoto Prefecture,Nison-in,35.02114589,135.6681612,26370046
Kyoto Prefecture,Yodogawa Riverside Park Sewariti District,34.89035045,135.7005545,26370006
Kyoto Prefecture,Waragi no Michi (along the Nanatani River),35.04549181,135.5833671,26370007
Kyoto Prefecture,Muko Shrine,34.94415464,135.6973223,26370040
Kyoto Prefecture,Wachi Wild Grass Forest,35.26551503,135.3980024,26370043
Kyoto Prefecture,Dharma Vajra Institute,35.01873698,135.7157473,26370044
Kyoto Prefecture,Kyoto Prefectural Kansai Culture and Research City Memorial Park (Keihanna Memorial Park),34.74573722,135.775275,26370049
Kyoto Prefecture,Kamo Betsurai Shrine (Kamigamo Shrine),35.05847338,135.7526924,26370052
Kyoto Prefecture,Kyoto Prefecture - Greening Center,35.33929881,134.9211986,26370053
Kyoto Prefecture,Mount Kounosu,34.85579581,135.7957782,26370055
Kyoto Prefecture,Ouchi Pass Ichijikan Park,35.56493843,135.1361503,26370059
Kyoto Prefecture,Banrye Park,35.57143801,135.1518487,26370060
Kyoto Prefecture,Uji City Botanical Park,34.87117417,135.7961774,26370062
Kyoto Prefecture,Former Imperial Villa Nijo Castle (Seiryuen),35.01490798,135.7496947,26370063
Kyoto Prefecture,Byodoin,34.88929243,135.8076857,26370064
Kyoto Prefecture,Former Saga Imperial Palace Head Temple Daikakuji (Osawa Pond area),35.02823535,135.6803898,26370065
Kyoto Prefecture,Mazaka River Cherry Blossom Row,34.82018927,135.7762714,26370066
Kyoto Prefecture,Daigo-ji Temple,34.95148599,135.8195918,26370008
Kyoto Prefecture,Bishamondo,35.00148063,135.8188396,26370009
Kyoto Prefecture,Kanjuji Temple,34.96162469,135.8072624,26370010
Kyoto Prefecture,Kiyomizu-dera,34.99504072,135.7847027,26370011
Kyoto Prefecture,Heian Shrine Garden,35.01608843,135.7824619,26370012
Kyoto Prefecture,Kyoto Prefectural Botanical Garden,35.04910454,135.7617721,26370013
Kyoto Prefecture,Omuro (Ninna-ji),35.02975576,135.713527,26370015
Kyoto Prefecture,Arashiyama,35.01203704,135.6783107,26370017
Kyoto Prefecture,Iwashimizu Hachimangu Shrine,34.87966158,135.700045,26370020
Kyoto Prefecture,Upstream of Uji Bridge,34.88910248,135.8095455,26370021
Kyoto Prefecture,The Path of Philosophy,35.02481774,135.7963404,26370023
Kyoto Prefecture,Maruyama Park,35.00363972,135.7802727,26370026
Kyoto Prefecture,Long'an Temple,35.03429536,135.7182164,26370028
Kyoto Prefecture,Tenryū-ji Temple,35.01576657,135.6740109,26370030
Kyoto Prefecture,Yamashina Canal,34.9947815,135.8276891,26370031
Kyoto Prefecture,Jodo Sect Head Temple Chion-in,35.00482964,135.7830224,26370047
Kyoto Prefecture,Former Imperial Villa Nijo Castle (Cherry Blossom Orchard),35.0127182,135.7484349,26370033
Kyoto Prefecture,Yamashiro General Sports Park,34.8695745,135.8052168,26370048
Kyoto Prefecture,Kiyamachi Street,35.00077984,135.7694537,26370061
Kyoto Prefecture,Kasagiyama Nature Park (along the Kizu River),34.75874863,135.935611,26370034
Kyoto Prefecture,Fukuchiyama Castle,35.296817,135.1296932,26370035
Kyoto Prefecture,Kasamatsu Park,35.58684712,135.1953144,26370036
Kyoto Prefecture,Sandanike Park,35.3110156,135.136642,26370050
Kyoto Prefecture,Kizugawa Bank,34.7589986,135.9352611,26370057
Kyoto Prefecture,The remains of the Sanzen-in gate,35.11970825,135.8344228,26370025
Kyoto Prefecture,Former Saga Imperial Palace Daikaku-ji Temple (Main Temple Area),35.02799533,135.67797,26370051
Kyoto Prefecture,Kokuzoya River,34.84061646,135.7404835,26370056
Kyoto Prefecture,Around Yase,35.06582356,135.8085275,26370014
Hyogo Prefecture,Takarazuka (Hanamichi),34.80870296,135.3442379,28370001
Hyogo Prefecture,Liyun Gorge,35.28740297,134.8414476,28370003
Hyogo Prefecture,Around Otosui Lake (Hikihara Dam),35.24399251,134.5491138,28370018
Hyogo Prefecture,Kawashiro Park,35.07895999,135.1118147,28370024
Hyogo Prefecture,Deai Park,35.07267884,135.0076237,28370025
Hyogo Prefecture,Hikami Sakura Park,35.16338977,135.0436665,28370035
Hyogo Prefecture,Shuire Park,35.15084162,135.0727546,28370020
Hyogo Prefecture,Jinwu Mountain Park,35.53974562,134.8206977,28370021
Hyogo Prefecture,Shukugawa Park (Shukugawa Riverside Green Space),34.73940009,135.3281724,28370023
Hyogo Prefecture,Baihao Temple,35.19606715,135.0938008,28370027
Hyogo Prefecture,Kobe General Sports Park,34.67991203,135.0748662,28370030
Hyogo Prefecture,Kozoji Temple,35.11274695,135.1447804,28370031
Hyogo Prefecture,Kuramachino,35.22952199,135.0034268,28370032
Hyogo Prefecture,Sakura Embankment on the Kuroi River,35.16911017,135.1015914,28370033
Hyogo Prefecture,Unitopia Sasayama,35.1001192,135.1959468,28370036
Hyogo Prefecture,Kobe City Oji Zoo,34.7095713,135.2149932,28370004
Hyogo Prefecture,Sumaura Park,34.63769698,135.100056,28370006
Hyogo Prefecture,Hyogo Prefectural Akashi Park,34.65207356,134.9919143,28370007
Hyogo Prefecture,Hiokayama Park,34.77763788,134.8631492,28370008
Hyogo Prefecture,Kashima & Ogihira Nature Park,34.81196275,134.7798046,28370009
Hyogo Prefecture,Himeji Castle,34.83669859,134.6929906,28370010
Hyogo Prefecture,Tatsuno Park,34.86686267,134.539112,28370011
Hyogo Prefecture,Ako Higashi-Misaki Park,34.72902523,134.4139488,28370012
Hyogo Prefecture,Itami City Mizugaike Park,34.79353557,135.4007739,28370028
Hyogo Prefecture,Harima Central Park Cherry Blossom Garden,34.93570233,134.9409255,28370014
Hyogo Prefecture,Suma-dera,34.6497459,135.1117945,28370034
Hyogo Prefecture,Sasayama Castle Ruins & Ojiyama Park,35.07394237,135.2173562,28370015
Hyogo Prefecture,Ruins of Izushi Castle,35.46042503,134.8738469,28370016
Hyogo Prefecture,Kinosaki Onsen,35.62582621,134.8093747,28370017
Hyogo Prefecture,Tamba City Osugi Dam Natural Park,35.24350604,135.1026641,28370002
Hyogo Prefecture,Kiyotaki Elementary School,35.48847893,134.6962304,28370019
Nara Prefecture,Katsuragi Mountain Foothills Park,34.47640482,135.7058431,29370001
Nara Prefecture,Heijō Palace Ruins,34.69045353,135.7981356,29370022
Nara Prefecture,Taikaiji Temple,34.64484891,135.8268253,29370003
Nara Prefecture,Kinpusanji Zao-dō,34.36833905,135.8588054,29370004
Nara Prefecture,Tsukigase Lakeside,34.70698584,136.0316055,29370005
Nara Prefecture,Within the grounds of Horyu-ji Temple,34.61386061,135.7343244,29370006
Nara Prefecture,Shimokitayama Sports Park,34.04329558,135.9601219,29370032
Nara Prefecture,Ōmiwa Shrine,34.52875178,135.8526885,29370029
Nara Prefecture,Nara Park (Somei Yoshino),34.68505488,135.8419422,29370011
Nara Prefecture,Koriyama Castle Ruins,34.65175734,135.779099,29370013
Nara Prefecture,Shigisan Chogo Grandsonji Temple,34.60898002,135.6706199,29370014
Nara Prefecture,Mount Sanmuro,34.60066169,135.7154566,29370015
Nara Prefecture,Takada Senbonzakura,34.51116165,135.7372189,29370028
Nara Prefecture,Hasedera,34.53581197,135.9068437,29370020
Nara Prefecture,Abe Monju-in,34.50366427,135.8418006,29370021
Nara Prefecture,Around Yagyū Hōtoku Zenji Temple,34.73094193,135.9544508,29370025
Nara Prefecture,Danzan Shrine,34.46595866,135.8617007,29370026
Nara Prefecture,Iwashoumi Jingu Gaien Park,34.59681446,135.8504656,29370016
Wakayama Prefecture,Nanakawa Dam Lakeside,33.59763865,135.6964544,30370001
Wakayama Prefecture,Kameike Park,34.15551134,135.259515,30370011
Wakayama Prefecture,Wakayama Castle,34.22751211,135.1716489,30370003
Wakayama Prefecture,Waka-no-ura (Takatsukoyama),34.18728614,135.1564321,30370004
Wakayama Prefecture,Kimiidera,34.18486699,135.1899794,30370005
Wakayama Prefecture,Dojoji Temple,33.91424566,135.1745231,30370006
Wakayama Prefecture,Tsunami Kikyo,33.76023584,135.3863726,30370007
Wakayama Prefecture,Pingcaugan Park,33.67101472,135.3484399,30370008
Wakayama Prefecture,Shingu (Tanzuru) Castle Ruins,33.72966969,135.9922637,30370013
Wakayama Prefecture,Nekoji Temple,34.28709827,135.3166542,30370009
Wakayama Prefecture,Fenhe Temple,34.28084049,135.405897,30370010
Hiroshima Prefecture,Kamei Park,34.24153899,132.2164337,34370001
Hiroshima Prefecture,Sumiyoshi Embankment Construction,34.34879967,132.3395886,34370003
Hiroshima Prefecture,Katsura Park,34.35742879,132.3424779,34370004
Hiroshima Prefecture,Shindozan Senbonzakura,34.20696683,132.4536356,34370022
Hiroshima Prefecture,Chupei Park,34.30673332,132.2910845,34370023
Hiroshima Prefecture,Hiroshima City Botanical Park,34.39172522,132.3479459,34370026
Hiroshima Prefecture,Fukuyama Castle Park,34.49082232,133.3611972,34370006
Hiroshima Prefecture,Senkoji Park,34.41115794,133.1951346,34370008
Hiroshima Prefecture,Sera Kabuyama Fureai no Sato,34.63046365,133.1473385,34370010
Hiroshima Prefecture,Sagishima Tower Peak Senbonzakura,34.32806524,133.104106,34370028
Hiroshima Prefecture,Summit Observation Deck of Biying Mountain,34.37591972,133.0813457,34370012
Hiroshima Prefecture,Shofukujiyama Park,34.31819138,132.8229598,34370013
Hiroshima Prefecture,Ondo Seto Park,34.19539957,132.539679,34370014
Hiroshima Prefecture,Peace Memorial Park,34.39275693,132.4522172,34370015
Hiroshima Prefecture,Hijiyama Park,34.38458817,132.4730558,34370016
Hiroshima Prefecture,Ozekiyama Park,34.81424862,132.8399956,34370017
Hiroshima Prefecture,Miyajima,34.29450509,132.3174129,34370018
Hiroshima Prefecture,Shobara Ueno Park,34.85796714,133.0230784,34370025
Hiroshima Prefecture,Around Lake Yachiyo,34.66205102,132.617871,34370020
Hiroshima Prefecture,Peacely Home Bamboo General Park,34.33807113,132.93011,34370021
Hiroshima Prefecture,Ocho Hachimangu Shrine,34.47053961,133.0818913,34370027
Hiroshima Prefecture,Eboyama Park,34.36577951,132.4347699,34370019
Tottori Prefecture,Fukurogawa Sakura Embankment,35.49897965,134.2294487,31370001
Tottori Prefecture,Hagiwara Cherry Blossom Avenue,35.45266349,133.5930136,31370017
Tottori Prefecture,Kino-ne Shrine,35.51732582,133.5497843,31370018
Tottori Prefecture,Tottori Castle Ruins & Hisamatsu Park,35.50760885,134.2362977,31370002
Tottori Prefecture,Shikano Castle Ruins Park,35.459341,134.0636642,31370003
Tottori Prefecture,Blowing Park,35.42992993,133.8227056,31370004
Tottori Prefecture,Nawa Park,35.50688593,133.4924595,31370007
Tottori Prefecture,Sakaidaiba Park,35.5468473,133.2427184,31370009
Tottori Prefecture,Minatoyama Park,35.42677151,133.3212174,31370010
Tottori Prefecture,Shiroyama Park / Hoshoji River Embankment,35.33626128,133.3262712,31370011
Tottori Prefecture,"Chizu River Shore, Sakura Dote",35.26745443,134.2304192,31370012
Tottori Prefecture,Hushanchi Qingdao Park,35.50112812,134.1546348,31370016
Shimane Prefecture,Gotsumarukoyama Park,35.01156671,132.2215579,32370001
Shimane Prefecture,cherry road,35.57961086,133.0745809,32370003
Shimane Prefecture,Mitoya River Riverbank,35.29239813,132.8771005,32370020
Shimane Prefecture,Yasugi Park,35.42513045,133.2501634,32370004
Shimane Prefecture,Shimizu Park,35.40295335,133.2807119,32370005
Shimane Prefecture,Matsue Shiroyama Park,35.47498163,133.0505777,32370007
Shimane Prefecture,Tamayu River Embankment,35.42268649,133.0089935,32370008
Shimane Prefecture,Cherry blossom avenue along the Hii River embankment,35.29508825,132.9005784,32370009
Shimane Prefecture,Atagoyama Park,35.44009129,132.8175086,32370019
Shimane Prefecture,Ichinodani Park,35.35884919,132.7726061,32370011
Shimane Prefecture,Konpiro Mountain Park,34.9897938,132.4936863,32370014
Shimane Prefecture,Shiroyama Park,34.90183588,132.0744951,32370015
Shimane Prefecture,Washihara Park,34.45340829,131.7567122,32370017
Shimane Prefecture,Nosaka Sakura Road,34.79189757,132.0705105,32370021
Shimane Prefecture,Izumo Taisha Shrine Garden,35.39860343,132.6861814,32370012
Okayama Prefecture,Create Sugaya Camp & Resort,35.1518159,133.6060764,33370001
Okayama Prefecture,Mikan Post Cherry Blossom,35.15583576,133.6227348,33370002
Okayama Prefecture,Sankyū Park,34.97156897,133.8234067,33370004
Okayama Prefecture,Lake Park Kamo,35.23653459,134.0501956,33370006
Okayama Prefecture,Kanagawa Cherry Blossom Avenue,34.79677956,133.9320457,33370008
Okayama Prefecture,Maruyama Park,34.55575997,133.6241424,33370009
Okayama Prefecture,Special Historic Site: Former Shizutani School,34.79618465,134.2194718,33370010
Okayama Prefecture,Satomi River Area Green Space,34.54079151,133.6211333,33370036
Okayama Prefecture,Okayama Korakuen,34.66753345,133.9354913,33370012
Okayama Prefecture,Okayama City Handayama Botanical Garden,34.6917508,133.9318805,33370013
Okayama Prefecture,Yukayama Rendai-ji Temple,34.50493935,133.8500859,33370015
Okayama Prefecture,Miyama Park,34.51760935,133.9279589,33370017
Okayama Prefecture,Hayashima Park,34.60648807,133.8260532,33370018
Okayama Prefecture,Kojoyama Park,34.50118375,133.5065846,33370019
Okayama Prefecture,Tsuyama Castle (Kakuyama Park),35.06250242,134.0052874,33370020
Okayama Prefecture,Shiroyama Park,34.98613119,133.4670656,33370021
Okayama Prefecture,Konya River Scenic District,34.7964941,133.6175118,33370022
Okayama Prefecture,Fong Lan Garden,34.81889144,134.1747745,33370024
Okayama Prefecture,Ibara Embankment,34.60505189,133.4635834,33370027
Okayama Prefecture,Aihara Park,34.57669474,133.4533756,33370028
Okayama Prefecture,Gaisen cherry blossom,35.17687257,133.5689783,33370029
Okayama Prefecture,Ikeda Zoo,34.67462219,133.9065234,33370038
Okayama Prefecture,Rashomon Sakura Park,34.93735806,133.56166,33370042
Okayama Prefecture,RSK Rose Garden,34.64694196,133.8341346,33370014
Okayama Prefecture,Tsurugatayama Park,34.59746813,133.774148,33370031
Okayama Prefecture,Okayama Ikoi no Mura (Courtyard),34.69849519,134.2244559,33370041
Okayama Prefecture,Tamematsuyama Park West Garden,34.54138433,133.7858296,33370032
Okayama Prefecture,Sakazu Park,34.61132622,133.7501093,33370025
Yamaguchi Prefecture,Hofu Tenmangu Shrine,34.06312685,131.5741353,35370003
Yamaguchi Prefecture,Gongshan Temple,33.9959437,130.9822175,35370004
Yamaguchi Prefecture,Ichinosaka River,34.18178247,131.4776778,35370005
Yamaguchi Prefecture,Wang Zishan Park,34.39888437,131.198321,35370007
Yamaguchi Prefecture,Atsusa River Banks,34.16651935,131.2051312,35370008
Yamaguchi Prefecture,Akiyoshidai Family Travel Village,34.23186391,131.2942908,35370010
Yamaguchi Prefecture,TOSOHPARK Yongyuan Mountain,34.07960849,131.7687484,35370022
Yamaguchi Prefecture,Oinoyama Park,33.94729754,130.9041563,35370028
Yamaguchi Prefecture,Senjogahara Park,33.97552499,130.9312827,35370029
Yamaguchi Prefecture,Adélie Hoshi Park,33.98279435,132.0842866,35370032
Yamaguchi Prefecture,Imatomi Dam Park,34.09266809,131.2532206,35370033
Yamaguchi Prefecture,Lake Ohara (Saba River Dam),34.29775362,131.6809456,35370034
Yamaguchi Prefecture,Hanaoka Hachimangu Shrine,34.0393546,131.8722216,35370035
Yamaguchi Prefecture,Hinoyama Park,33.96821623,130.9576609,35370030
Yamaguchi Prefecture,Around Kintaikyo Bridge,34.16834614,132.1776503,35370011
Yamaguchi Prefecture,Tabuse River,33.95528655,132.0416814,35370012
Yamaguchi Prefecture,Shunan City Tokuyama Zoo,34.06242114,131.8156353,35370013
Yamaguchi Prefecture,Mouri Family Garden,34.06282711,131.5873342,35370014
Yamaguchi Prefecture,Kirito River,34.01519711,131.8678331,35370015
Yamaguchi Prefecture,Xiangshan Park,34.18962155,131.4727079,35370016
Yamaguchi Prefecture,Tokusa Hachiman Shrine,34.39629387,131.7262273,35370017
Yamaguchi Prefecture,Tokiwa Park,33.94811415,131.2878844,35370018
Yamaguchi Prefecture,Hiyoriyama Park,33.9547872,130.9309837,35370019
Yamaguchi Prefecture,Hagi Castle Ruins Shizuki Park,34.41798555,131.3828748,35370020
Yamaguchi Prefecture,Kawashima Embankment,34.40126775,131.4062537,35370026
Yamaguchi Prefecture,Kasayama,34.44978248,131.4017418,35370027
Yamaguchi Prefecture,Daning Temple,34.32866127,131.1630172,35370021
Yamaguchi Prefecture,Jixiang Park,34.16978292,132.1756498,35370031
Yamaguchi Prefecture,Ryuozan Park,33.95344151,131.169234,35370024
Yamaguchi Prefecture,Wakayama Park,33.97800912,131.1827717,35370036
Tokushima Prefecture,Yuan Park,34.02586364,134.0249235,36370002
Tokushima Prefecture,Meishan Park,34.06759811,134.5363591,36370003
Tokushima Prefecture,Western Park,34.06890759,134.5145908,36370004
Tokushima Prefecture,Myokenzan Park,34.17884765,134.6186371,36370005
Tokushima Prefecture,Kinryusan Rural Park,34.02463121,133.8779057,36370011
Tokushima Prefecture,Jinfeng Park,33.8947085,134.644808,36370008
Kagawa Prefecture,Prefectural Kotoudan Park,34.13073578,133.6442802,37370001
Kagawa Prefecture,Asahiyama Forest Park,34.17999253,133.7599284,37370002
Kagawa Prefecture,Marugame Castle,34.28619188,133.8003601,37370003
Kagawa Prefecture,Historic Site: Takamatsu Castle Ruins Tamamo Park,34.34909953,134.0509564,37370008
Kagawa Prefecture,Iiyama General Sports Park,34.26721515,133.8714251,37370009
Kagawa Prefecture,Purple clouds emerge from the mountain.,34.24239305,133.5995488,37370011
Kagawa Prefecture,Fudo Falls Country Park,34.1493443,133.673337,37370012
Kagawa Prefecture,Takarada no Sato,34.11012067,133.7979184,37370013
Kagawa Prefecture,Waterfront Park,34.12355788,133.7205242,37370014
Kagawa Prefecture,Kimibuchi Forest Park,34.24135198,134.104257,37370010
Kagawa Prefecture,Toryo Prefectural Park,34.26848283,133.7463854,37370015
Kagawa Prefecture,Special Scenic Spot Ritsurin Park,34.33020143,134.0443978,37370005
Kagawa Prefecture,Kotohira Shrine,34.18399297,133.8095541,37370007
Ehime Prefecture,Kaishan Park,34.22913513,133.0649538,38370007
Ehime Prefecture,Xishan Xinglong Temple,33.90553905,133.025342,38370004
Ehime Prefecture,Takinomiya Park,33.94400938,133.2793592,38370014
Ehime Prefecture,Wuzhang Park,33.89921266,133.1931184,38370016
Ehime Prefecture,Nanrakuen (Outer Moat),33.13376252,132.5053607,38370017
Ehime Prefecture,Matsuyama Castle,33.84428109,132.7665763,38370005
Ehime Prefecture,Dogo Park,33.84834101,132.7868045,38370006
Ehime Prefecture,Emerald Wave Plateau,33.94058564,133.5375315,38370003
Ehime Prefecture,Sakura Sanri,33.8507845,133.0016565,38370015
Ehime Prefecture,Susukigawahara Irino Park,33.94983117,133.4174974,38370012
Ehime Prefecture,Fujiyama Park,33.50850341,132.5608489,38370013
Ehime Prefecture,Mishima Park,33.97060142,133.5589947,38370002
Ehime Prefecture,Riverside Castle,34.01300703,133.567532,38370018
Kochi Prefecture,Kochi Park,33.56071478,133.5314859,39370001
Kochi Prefecture,Makino Park,33.49785727,133.2892489,39370003
Kochi Prefecture,Kagamino Park,33.61809193,133.7195376,39370004
Kochi Prefecture,Along the Kure Osaka Tanigawa River,33.32255489,133.2246223,39370005
Kochi Prefecture,Ayunose Park,33.4376966,134.0276103,39370008
Kochi Prefecture,Sukumo Tenmangu Shrine,32.9417369,132.7250613,39370011
Kochi Prefecture,Weisong Park,32.99683457,132.9291218,39370012
Kochi Prefecture,Iejigawa Park,33.16104949,133.0712825,39370015
Kochi Prefecture,Kochi Prefectural Godai Mountain Park,33.54726699,133.5755028,39370010
Fukuoka Prefecture,Amagi Park,33.42646909,130.66606,40370001
Fukuoka Prefecture,West Park,33.59738573,130.3755563,40370002
Fukuoka Prefecture,Enmei Park,33.02034868,130.445827,40370003
Fukuoka Prefecture,Katsuyama Park (Kokura Castle),33.88449372,130.8735517,40370004
Fukuoka Prefecture,Baba Street of Akizuki Cedar,33.46911501,130.6936758,40370005
Fukuoka Prefecture,Shiranoe Botanical Garden,33.93639044,131.0035285,40370008
Fukuoka Prefecture,Katsumori Park,33.64304614,130.678469,40370028
Fukuoka Prefecture,The 'Senbonzakura' at Hyugagami Dam,33.15665042,130.8079407,40370010
Fukuoka Prefecture,Hatsushin Park,33.31388062,130.6370776,40370013
Fukuoka Prefecture,Umi Park,33.57271072,130.5102262,40370019
Fukuoka Prefecture,Site of the Dazaifu Government Office,33.51443704,130.5149485,40370021
Fukuoka Prefecture,Shioji Forest Trail / Iwaya Castle Ruins,33.5259459,130.5202875,40370022
Fukuoka Prefecture,Dazaifu Citizens' Forest,33.52088641,130.5183579,40370023
Fukuoka Prefecture,Homangu Shrine Kamado Shrine,33.52892614,130.5524047,40370024
Fukuoka Prefecture,Kurume Castle Ruins,33.32771689,130.5081677,40370025
Fukuoka Prefecture,Fukuoka Castle Ruins & Maizuru Park,33.58809692,130.3870357,40370020
Fukuoka Prefecture,Kabu Park,33.81628796,130.6986394,40370031
Fukuoka Prefecture,Qingshuishan,33.15018615,130.5233846,40370032
Fukuoka Prefecture,Cherry blossom avenue along the Kusaba River,33.43570749,130.6313325,40370033
Fukuoka Prefecture,Cherry blossom avenue of Mikasagawa River,33.51185746,130.5232579,40370034
Fukuoka Prefecture,Nomiyama Kannonji Temple,33.65887252,130.5681374,40370035
Fukuoka Prefecture,Taisho Jin Park,33.60303576,130.6804254,40370007
Fukuoka Prefecture,Showaike Park,33.79649446,130.9493395,40370026
Fukuoka Prefecture,Driving and Ding Park,33.60897639,130.4841467,40370015
Fukuoka Prefecture,Wafukari Park,33.95953736,130.9688103,40370006
Fukuoka Prefecture,Abeyama Park,33.84916811,130.9084804,40370011
Fukuoka Prefecture,Gaota Mountain Park,33.90309043,130.798987,40370027
Fukuoka Prefecture,Fukuoka City Aburayama Citizens' Forest,33.51646438,130.37546,40370009
Saga Prefecture,Xiaocheng Park,33.28815567,130.1962354,41370001
Saga Prefecture,Asahigaoka Park,33.1038236,130.0936524,41370002
Saga Prefecture,Mirror Mountain,33.42945755,130.0241632,41370004
Saga Prefecture,Karatsu Castle (Maizuru Park),33.45376416,129.9786259,41370005
Saga Prefecture,Sakura Kaidō,33.36441,130.3384201,41370006
Saga Prefecture,Toyama Shrine,33.18894109,129.8989447,41370007
Saga Prefecture,Nagoya Castle Ruins,33.52857426,129.8701814,41370009
Saga Prefecture,Seikei Park,33.25691715,130.0896257,41370010
Saga Prefecture,Hinokuma Park,33.33117381,130.3526904,41370012
Saga Prefecture,Mifuneyama Rakuen,33.18125398,130.0173752,41370013
Nagasaki Prefecture,Omura Park (Niju Horse Course),32.8965834,129.9580932,42370001
Nagasaki Prefecture,Saihai Bridge Park,33.05501298,129.7594424,42370002
Nagasaki Prefecture,Shimabara Castle,32.78921203,130.3672642,42370003
Nagasaki Prefecture,Kameoka Park,33.36782598,129.5564549,42370004
Nagasaki Prefecture,Daisen Park,33.38108933,129.8299015,42370005
Nagasaki Prefecture,Tachibana Park,32.78470965,130.203708,42370007
Nagasaki Prefecture,Original Castle Ruins,32.62901719,130.2542109,42370010
Nagasaki Prefecture,Tokenyama Park,32.72583609,130.21193,42370011
Nagasaki Prefecture,Gongenzan Observation Park,32.57984346,129.7398859,42370006
Nagasaki Prefecture,Meishan Mountain Maintenance and Memorial Park,32.77529336,130.3582956,42370009
Kumamoto Prefecture,Around Lake Ichibo Dam,32.31948368,131.0207015,43370001
Kumamoto Prefecture,Yunoko Cherry Line,32.2303425,130.4070266,43370002
Kumamoto Prefecture,Kumamoto Castle Park Ninomaru Plaza,32.806746,130.7018356,43370019
Kumamoto Prefecture,Tateoka Nature Park,32.67720971,130.6934922,43370005
Kumamoto Prefecture,Hebigaya Park,32.94569848,130.5500718,43370006
Kumamoto Prefecture,Kikuchi Park,32.9856289,130.8182677,43370007
Kumamoto Prefecture,Ruins of Hitoyoshi Castle,32.21085082,130.7640678,43370008
Kumamoto Prefecture,Okadake Park,32.65822149,130.6790643,43370010
Kumamoto Prefecture,Kengun Jieitai Street,32.78255962,130.7610718,43370015
Kumamoto Prefecture,Otsuyama Park,33.06827535,130.5489962,43370013
Kumamoto Prefecture,Sakuragaoka Ground,32.55164299,130.6852087,43370017
Kumamoto Prefecture,Tabaruzaka Park,32.91160391,130.6517149,43370018
Oita Prefecture,Oka Castle Ruins,32.96899097,131.4073495,44370001
Oita Prefecture,castle park,33.36656061,131.5315009,44370002
Oita Prefecture,Sanrio Character Park Harmonyland,33.40015728,131.5468181,44370015
Oita Prefecture,Kameyama Park,33.31527556,130.9283034,44370009
Oita Prefecture,Usuki Castle Ruins,33.12083161,131.8015498,44370013
Oita Prefecture,Somei Yoshino Forest at Oita Prefecture Gokoku Shrine,33.23528637,131.642203,44370012
Oita Prefecture,Oita Castle Ruins Park Gaien,33.23975559,131.61284,44370004
Oita Prefecture,Uenogaoka Cemetery Park,33.22518706,131.6072511,44370007
Oita Prefecture,Heiwa Civic Park,33.24331562,131.6360879,44370011
Miyazaki Prefecture,Mochigaoka Park,31.74970445,131.0104686,45370002
Miyazaki Prefecture,Tarumizu Park,31.99068556,131.4048748,45370003
Miyazaki Prefecture,Saitohara Kofun Group,32.11891153,131.3865104,45370008
Miyazaki Prefecture,Hisamine General Park,32.02201319,131.4606287,45370009
Miyazaki Prefecture,Hanadachi Park,31.71284448,131.3588414,45370013
Miyazaki Prefecture,Ama-Iwato no Yu,32.72546592,131.3448259,45370011
Miyazaki Prefecture,Kannon Pond Park,31.82517856,131.1357247,45370015
Miyazaki Prefecture,Nobeoka Castle Ruins Shiroyama Park,32.58069696,131.6629562,45370014
Miyazaki Prefecture,The silk horses serve the public park.,32.00536114,131.2412277,45370017
Miyazaki Prefecture,Maizuru Park (Miyazaki Prefecture),32.12297313,131.5029805,45370018
Miyazaki Prefecture,Mount Senmiyama,32.48897755,131.7073367,45370019
Miyazaki Prefecture,Kushima City General Sports Park,31.46854815,131.2183943,45370007
Miyazaki Prefecture,Chuk Heung Yuen,31.6274537,131.3637749,45370006
Kagoshima Prefecture,Lake Osumi Asia-Pacific Rural Training Village Ethnic Hall,31.52382564,130.8405431,46370002
Kagoshima Prefecture,Zhongyuan Park,32.04936548,130.6141677,46370004
Kagoshima Prefecture,Kirishima Shrine,31.85752046,130.8700053,46370005
Kagoshima Prefecture,Shiroyama Park,31.74108138,130.782008,46370006
Kagoshima Prefecture,Hanase Nature Park,31.16607406,130.8491089,46370007
Kagoshima Prefecture,Takaoka Park,31.75558763,130.6563178,46370013
Kagoshima Prefecture,Kirishima Mythical Village Park,31.8635095,130.8512666,46370014
Kagoshima Prefecture,Mt. Uomi,31.26210038,130.6543506,46370017
Kagoshima Prefecture,Kaimon Sanroku Fureai Park,31.19645531,130.5343936,46370019
Kagoshima Prefecture,Terayama Ikoi no Plaza,31.82474471,130.3400308,46370016
Kagoshima Prefecture,Kirishima City Mizobe Kamitoko Sports Park,31.82501073,130.6861721,46370018
Kagoshima Prefecture,Famous Scenic Spot: Xianyan Garden,31.61744103,130.5770907,46370001
Kagoshima Prefecture,Kagoshima City Hirakawa Zoological Park,31.4625563,130.502954,46370012